{"cameraMode":{"drawMode":0,"name":"Shaded","section":"Shading Mode"},"sceneLighting":true,"audioPlay":false,"sceneViewState":{"m_AlwaysRefresh":false,"showFog":true,"showSkybox":true,"showFlares":true,"showImageEffects":true,"showParticleSystems":true,"showVisualEffectGraphs":true,"m_FxEnabled":true},"in2DMode":false,"pivot":{"x":-12.292102813720704,"y":1.881404995918274,"z":5.831455707550049},"rotation":{"x":0.04229827597737312,"y":-0.009326957166194916,"z":0.0003845448954962194,"w":0.9991321563720703},"size":0.13861891627311707,"orthographic":false}